file,quarter,n_title_lines,n_codes,n_columns,header,approved_codes_present,n_approved_codes_present
jul_2019_asp_pricing_file_updated_052920.zip,2019Q3,9,593,12,HCPCS Code|Short Description|HCPCS Code Dosage|Payment Limit|Vaccine AWP%|Vaccine Limit|Blood AWP%|Blood limit|Clotting Factor|Notes||,J3304 J3301 J1020 J1030 J1040 J0702 J1100 J7321 J7323 J7325 J2920 J2930 J1720,13
oct_2019_asp_pricing_file_updated_052920.zip,2019Q4,9,606,10,HCPCS Code|Short Description|HCPCS Code Dosage|Payment Limit|Vaccine AWP%|Vaccine Limit|Blood AWP%|Blood limit|Clotting Factor|Notes,J3304 J3301 J1020 J1030 J1040 J0702 J1100 J7321 J7323 J7324 J7325 J7327 J2920 J2930 J1720,15
April_2020_ASP_Pricing_File_updated_022421.zip,2020Q2,8,607,10,HCPCS Code|Short Description|HCPCS Code Dosage|Payment Limit|Vaccine AWP%|Vaccine Limit|Blood AWP%|Blood limit|Clotting Factor|Notes,J3304 J3301 J1020 J1030 J1040 J0702 J1100 J7321 J7323 J7324 J7325 J7327 J2920 J2930 J1720,15
January_2020_ASP_Pricing_File_updated_112420.zip,2020Q1,8,608,10,HCPCS Code|Short Description|HCPCS Code Dosage|Payment Limit|Vaccine AWP%|Vaccine Limit|Blood AWP%|Blood limit|Clotting Factor|Notes,J3304 J3301 J1020 J1030 J1040 J0702 J1100 J7321 J7323 J7324 J7325 J7327 J2920 J2930 J1720,15
July_2020_ASP_Pricing_File_updated_052521.zip,2020Q3,8,617,10,HCPCS Code|Short Description|HCPCS Code Dosage|Payment Limit|Vaccine AWP%|Vaccine Limit|Blood AWP%|Blood limit|Clotting Factor|Notes,J3304 J3301 J1020 J1030 J1040 J0702 J1100 J7321 J7323 J7324 J7325 J7327 J2920 J2930 J1720,15
October_2020_ASP_Pricing_File_updated_090121.zip,2020Q4,8,627,12,HCPCS Code|Short Description|HCPCS Code Dosage|Payment Limit|Vaccine AWP%|Vaccine Limit|Blood AWP%|Blood limit|Clotting Factor|Notes||,J3304 J3301 J1020 J1030 J1040 J0702 J1100 J7321 J7323 J7324 J7325 J7327 J7331 J2920 J2930 J1720,16
april-2021-asp-pricing-file.zip,2021Q2,8,636,10,HCPCS Code|Short Description|HCPCS Code Dosage|Payment Limit|Vaccine AWP%|Vaccine Limit|Blood AWP%|Blood limit|Clotting Factor|Notes,J3304 J3301 J1020 J1030 J1040 J0702 J1100 J7321 J7323 J7324 J7325 J7327 J2920 J2930 J1720,15
january-2021-asp-pricing-file.zip,2021Q1,8,633,10,HCPCS Code|Short Description|HCPCS Code Dosage|Payment Limit|Vaccine AWP%|Vaccine Limit|Blood AWP%|Blood limit|Clotting Factor|Notes,J3304 J3301 J1020 J1030 J1040 J0702 J1100 J7321 J7323 J7324 J7325 J7327 J7331 J2920 J2930 J1720,16
july-2021-asp-pricing-file.zip,2021Q3,8,640,10,HCPCS Code|Short Description|HCPCS Code Dosage|Payment Limit|Vaccine AWP%|Vaccine Limit|Blood AWP%|Blood limit|Clotting Factor|Notes,J3304 J3301 J1020 J1030 J1040 J0702 J1100 J7321 J7323 J7324 J7325 J7327 J2920 J2930 J1720,15
october-2021-asp-pricing-file.zip,2021Q4,8,641,10,HCPCS Code|Short Description|HCPCS Code Dosage|Payment Limit|Vaccine AWP%|Vaccine Limit|Blood AWP%|Blood limit|Clotting Factor|Notes,J3304 J3301 J1020 J1030 J1040 J0702 J1100 J7321 J7323 J7324 J7325 J7327 J2920 J2930 J1720,15
april-2022-asp-pricing-file.zip,2022Q2,8,647,10,HCPCS Code|Short Description|HCPCS Code Dosage|Payment Limit|Vaccine AWP%|Vaccine Limit|Blood AWP%|Blood limit|Clotting Factor|Notes,J3304 J3301 J1020 J1030 J1040 J0702 J1100 J7321 J7323 J7324 J7325 J7327 J2920 J2930 J1720,15
january-2022-asp-pricing-file.zip,2022Q1,8,644,10,HCPCS Code|Short Description|HCPCS Code Dosage|Payment Limit|Vaccine AWP%|Vaccine Limit|Blood AWP%|Blood limit|Clotting Factor|Notes,J3304 J3301 J1020 J1030 J1040 J0702 J1100 J7321 J7323 J7324 J7325 J7327 J2920 J2930 J1720,15
july-2022-asp-pricing-file.zip,2022Q3,8,659,10,HCPCS Code|Short Description|HCPCS Code Dosage|Payment Limit|Vaccine AWP%|Vaccine Limit|Blood AWP%|Blood limit|Clotting Factor|Notes,J3304 J3301 J1020 J1030 J1040 J0702 J1100 J7318 J7320 J7321 J7322 J7323 J7324 J7325 J7326 J7327 J7328 J7329 J7332 J2920 J2930 J1720,22
october-2022-asp-pricing-file.zip,2022Q4,8,664,10,HCPCS Code|Short Description|HCPCS Code Dosage|Payment Limit|Vaccine AWP%|Vaccine Limit|Blood AWP%|Blood limit|Clotting Factor|Notes,J3304 J3301 J1020 J1030 J1040 J0702 J1100 J7318 J7320 J7321 J7322 J7323 J7324 J7325 J7326 J7327 J7328 J7329 J7332 J2920 J2930 J1720,22
april-2023-asp-pricing-file.zip,2023Q2,8,750,12,HCPCS Code|Short Description|HCPCS Code Dosage|Payment Limit|Co-insurance Percentage|Vaccine AWP%|Vaccine Limit|Blood AWP%|Blood limit|Clotting Factor|Notes|,J3304 J3301 J1020 J1030 J1040 J0702 J1100 J7318 J7320 J7321 J7322 J7323 J7324 J7325 J7326 J7327 J7328 J7329 J7331 J7332 J2920 J2930 J1720,23
january-2023-asp-pricing-file.zip,2023Q1,8,736,10,HCPCS Code|Short Description|HCPCS Code Dosage|Payment Limit|Vaccine AWP%|Vaccine Limit|Blood AWP%|Blood limit|Clotting Factor|Notes,J3304 J3301 J1020 J1030 J1040 J0702 J1100 J7318 J7320 J7321 J7322 J7323 J7324 J7325 J7326 J7327 J7328 J7329 J7332 J2920 J2930 J1720,22
july-2023-asp-pricing-file.zip,2023Q3,8,788,12,HCPCS Code|Short Description|HCPCS Code Dosage|Payment Limit|Co-insurance Percentage|Vaccine AWP%|Vaccine Limit|Blood AWP%|Blood limit|Clotting Factor|Notes|,J3304 J3301 J1020 J1030 J1040 J0702 J1100 J7318 J7320 J7321 J7322 J7323 J7324 J7325 J7326 J7327 J7328 J7329 J7331 J7332 J2920 J2930 J1720,23
october-2023-asp-pricing-file.zip,2023Q4,8,800,13,HCPCS Code|Short Description|HCPCS Code Dosage|Payment Limit|Co-insurance Percentage|Vaccine AWP%|Vaccine Limit|Blood AWP%|Blood limit|Clotting Factor|Notes||,J3304 J3301 J1020 J1030 J1040 J0702 J1100 J7318 J7320 J7321 J7322 J7323 J7324 J7325 J7326 J7327 J7328 J7329 J7331 J7332 J2920 J2930 J1720,23
april-2024-asp-pricing-file.zip,2024Q2,8,820,11,HCPCS Code|Short Description|HCPCS Code Dosage|Payment Limit|Co-insurance Percentage|Vaccine AWP%|Vaccine Limit|Blood AWP%|Blood limit|Clotting Factor|Notes,J3304 J3301 J1010 J0702 J1100 J7318 J7320 J7321 J7322 J7323 J7324 J7325 J7326 J7327 J7328 J7329 J7331 J7332 J2919 J1720,20
january-2024-asp-pricing-file.zip,2024Q1,8,822,11,HCPCS Code|Short Description|HCPCS Code Dosage|Payment Limit|Co-insurance Percentage|Vaccine AWP%|Vaccine Limit|Blood AWP%|Blood limit|Clotting Factor|Notes,J3304 J3301 J1020 J1030 J1040 J0702 J1100 J7318 J7320 J7321 J7322 J7323 J7324 J7325 J7326 J7327 J7328 J7329 J7331 J7332 J2920 J2930 J1720,23
july-2024-asp-pricing-file.zip,2024Q3,8,847,13,HCPCS Code|Short Description|HCPCS Code Dosage|Payment Limit|Co-insurance Percentage|Vaccine AWP%|Vaccine Limit|Blood AWP%|Blood limit|Clotting Factor|Notes||,J3304 J3301 J1010 J0702 J1100 J7318 J7320 J7321 J7322 J7323 J7324 J7325 J7326 J7327 J7328 J7329 J7331 J7332 J2919 J1720,20
october-2024-asp-pricing-file.zip,2024Q4,8,865,12,HCPCS Code|Short Description|HCPCS Code Dosage|Payment Limit|Co-insurance Percentage|Vaccine AWP%|Vaccine Limit|Blood AWP%|Blood limit|Clotting Factor|Notes|,J3304 J3301 J1010 J0702 J1100 J7318 J7320 J7321 J7322 J7323 J7324 J7325 J7326 J7327 J7328 J7329 J7331 J7332 J2919 J1720,20
april-2025-asp-pricing-file.zip,2025Q2,8,943,11,HCPCS Code|Short Description|HCPCS Code Dosage|Payment Limit|Co-insurance Percentage|Vaccine AWP%|Vaccine Limit|Blood AWP%|Blood limit|Clotting Factor|Notes,J3304 J3301 J1010 J0702 J1100 J7318 J7320 J7321 J7322 J7323 J7324 J7325 J7326 J7327 J7328 J7329 J7331 J7332 J2919 J1720,20
january-2025-asp-pricing-file-03-11-25-final-file.zip,2025Q1,8,878,12,HCPCS Code|Short Description|HCPCS Code Dosage|Payment Limit|Co-insurance Percentage|Vaccine AWP%|Vaccine Limit|Blood AWP%|Blood limit|Clotting Factor|Notes|,J3304 J3301 J1010 J0702 J1100 J7318 J7320 J7321 J7322 J7323 J7324 J7325 J7326 J7327 J7328 J7329 J7331 J7332 J2919 J1720,20
july-2025-asp-pricing-file.zip,2025Q3,8,971,11,HCPCS Code|Short Description|HCPCS Code Dosage|Payment Limit|Co-insurance Percentage|Vaccine AWP%|Vaccine Limit|Blood AWP%|Blood limit|Clotting Factor|Notes,J3304 J3301 J1010 J0702 J1100 J7318 J7320 J7321 J7322 J7323 J7324 J7325 J7326 J7327 J7328 J7329 J7331 J7332 J2919 J1720,20
october-2025-asp-pricing-final-file.zip,2025Q4,8,1013,11,HCPCS Code|Short Description|HCPCS Code Dosage|Payment Limit|Co-insurance Percentage|Vaccine AWP%|Vaccine Limit|Blood AWP%|Blood limit|Clotting Factor|Notes,J3304 J3301 J1010 J0702 J1100 J7318 J7320 J7321 J7322 J7323 J7324 J7325 J7326 J7327 J7328 J7329 J7331 J7332 J2919 J1720,20
