product_name,rows_all_years,years_present
BIOLOGICS  CONSUMABLES  HYALURONIC ACID  OTHER,6,2020
DUROLANE,6403,"2024,2025"
Durolane,12337,"2019,2020,2021,2022,2023"
EUFLEXXA,33771,"2019,2020,2021,2022,2023,2024,2025"
Euflexxa,11,2019
GELSYN 3,1637,"2019,2020"
GELSYN-3,3554,"2021,2022,2023,2024,2025"
GENVISC 850 SODIUM HYALURONATE,771,"2022,2023,2024,2025"
Gel-One Cross-linked Hyaluronate,2214,"2022,2023,2024,2025"
Gelsyn,1,2019
Gelsyn-3,1,2024
GenVisc 850,1271,"2019,2020"
GenVisc 850 sodium hyaluronate,312,2021
HYALGAN,1433,"2021,2022,2023,2024,2025"
HYMOVIS,7860,"2021,2022,2023,2024,2025"
Hyalgan,2477,"2019,2020"
Hyalgan Injection,1,2019
Hymovis,4251,"2019,2020"
METHYLPREDNISOLONE SODIUM SUCCINATE,3,2025
MONOVISC,24665,"2019,2020,2021,2022,2023,2024,2025"
ORTHOVISC,21644,"2019,2020,2021,2022,2023,2024,2025"
SUPARTZ FX SODIUM HYALURONATE,486,"2024,2025"
SYNVISC,94,"2019,2020,2021,2022,2023,2024,2025"
SYNVISC-ONE,6813,"2019,2020,2021,2022,2023,2024"
Supartz,340,"2019,2020,2021"
Supartz FX Sodium Hyaluronate,529,"2022,2023"
Supartz Fx Sodium  Hyaluronate,1,2021
Supartz Fx Sodium Hyaluronate,279,2021
TRILURON,5714,"2021,2022,2023,2024,2025"
TRIVISC SODIUM HYALURONATE,1140,"2022,2023,2024,2025"
TriVisc sodium hyaluronate,312,2021
Triamcinolone-Moxifloxacin PF,127,"2019,2020"
VISCO-3,265,"2019,2020"
VISCO-3 sodium hyaluronate,153,"2022,2023,2024,2025"
Zilretta,56452,"2019,2020,2021,2022,2023,2024,2025"
