family,brand_name,generic_name,years_present
nsaid,Acular,Ketorolac Tromethamine,"2019,2020,2021,2022,2023,2024"
nsaid,Acular Ls,Ketorolac Tromethamine,"2019,2020,2021,2022,2023,2024"
nsaid,Acuvail,Ketorolac Tromethamine/Pf,"2019,2020,2021,2022,2023,2024"
nsaid,Arthrotec 50,Diclofenac Sodium/Misoprostol,"2019,2020,2021,2022,2023,2024"
nsaid,Arthrotec 75,Diclofenac Sodium/Misoprostol,"2019,2020,2021,2022,2023,2024"
nsaid,Caldolor,Ibuprofen,2024
nsaid,Cambia,Diclofenac Potassium,"2019,2020,2021,2022,2023,2024"
nsaid,Celebrex,Celecoxib,"2019,2020,2021,2022,2023,2024"
nsaid,Celecoxib,Celecoxib,"2019,2020,2021,2022,2023,2024"
nsaid,Daypro,Oxaprozin,"2019,2020,2021,2022,2023,2024"
nsaid,Diclofenac Epolamine,Diclofenac Epolamine,"2019,2020,2021,2022,2023,2024"
nsaid,Diclofenac Potassium,Diclofenac Potassium,"2019,2020,2021,2022,2023,2024"
nsaid,Diclofenac Sodium,Diclofenac Sodium,"2019,2020,2021,2022,2023,2024"
nsaid,Diclofenac Sodium Er,Diclofenac Sodium,"2019,2020,2021,2022,2023,2024"
nsaid,Diclofenac Sodium-Misoprostol,Diclofenac Sodium/Misoprostol,"2019,2020,2021,2022,2023,2024"
nsaid,Diflunisal,Diflunisal,"2019,2020,2021,2022,2023,2024"
nsaid,Dolobid,Diflunisal,2024
nsaid,Duexis,Ibuprofen/Famotidine,"2019,2020,2021,2022,2023,2024"
nsaid,Ec-Naproxen,Naproxen,"2019,2020,2021,2022,2023,2024"
nsaid,Elyxyb,Celecoxib,"2022,2023,2024"
nsaid,Etodolac,Etodolac,"2019,2020,2021,2022,2023,2024"
nsaid,Etodolac Er,Etodolac,"2019,2020,2021,2022,2023,2024"
nsaid,Feldene,Piroxicam,"2019,2020,2021,2022,2023"
nsaid,Fenoprofen Calcium,Fenoprofen Calcium,"2019,2020,2021,2022,2023,2024"
nsaid,Flector,Diclofenac Epolamine,"2019,2020,2021,2022,2023,2024"
nsaid,Flurbiprofen,Flurbiprofen,"2019,2020,2021,2022,2023,2024"
nsaid,Flurbiprofen Sodium,Flurbiprofen Sodium,"2019,2020,2021,2022,2023,2024"
nsaid,Hydrocodone-Ibuprofen,Hydrocodone/Ibuprofen,"2019,2020,2021,2022,2023,2024"
nsaid,Ibu,Ibuprofen,"2019,2020,2021,2022,2023,2024"
nsaid,Ibudone,Hydrocodone/Ibuprofen,2019
nsaid,Ibuprofen,Ibuprofen,"2019,2020,2021,2022,2023,2024"
nsaid,Ibuprofen-Famotidine,Ibuprofen/Famotidine,"2021,2022,2023,2024"
nsaid,Indocin,Indomethacin,"2019,2020,2021,2022,2023,2024"
nsaid,Indomethacin,Indomethacin,"2019,2020,2021,2022,2023,2024"
nsaid,Indomethacin Er,Indomethacin,"2019,2020,2021,2022,2023,2024"
nsaid,Ketoprofen,Ketoprofen,"2019,2020,2021,2022,2023,2024"
nsaid,Ketorolac Tromethamine,Ketorolac Tromethamine,"2019,2020,2021,2022,2023,2024"
nsaid,Licart,Diclofenac Epolamine,"2020,2021,2022,2023,2024"
nsaid,Lofena,Diclofenac Potassium,"2022,2023,2024"
nsaid,Mefenamic Acid,Mefenamic Acid,"2019,2020,2021,2022,2023,2024"
nsaid,Meloxicam,Meloxicam,"2019,2020,2021,2022,2023,2024"
nsaid,Meloxicam,"Meloxicam, Submicronized","2021,2022,2023,2024"
nsaid,Mobic,Meloxicam,"2019,2020,2021,2022"
nsaid,Nabumetone,Nabumetone,"2019,2020,2021,2022,2023,2024"
nsaid,Nalfon,Fenoprofen Calcium,"2019,2020,2021,2022,2023,2024"
nsaid,Naprelan,Naproxen Sodium,"2019,2020,2021,2022,2023,2024"
nsaid,Naproxen,Naproxen,"2019,2020,2021,2022,2023,2024"
nsaid,Naproxen Sodium,Naproxen Sodium,"2019,2020,2021,2022,2023,2024"
nsaid,Naproxen Sodium Cr,Naproxen Sodium,"2019,2020,2021,2022,2023,2024"
nsaid,Naproxen Sodium Ds,Naproxen Sodium,"2019,2020"
nsaid,Naproxen Sodium Er,Naproxen Sodium,"2019,2020,2021,2022,2023,2024"
nsaid,Naproxen-Esomeprazole Mag,Naproxen/Esomeprazole Mag,"2020,2021,2022,2023,2024"
nsaid,Oxaprozin,Oxaprozin,"2019,2020,2021,2022,2023,2024"
nsaid,Oxycodone Hcl-Ibuprofen,Ibuprofen/Oxycodone Hcl,"2019,2020"
nsaid,Pennsaid,Diclofenac Sodium,"2019,2020,2021,2022,2023,2024"
nsaid,Piroxicam,Piroxicam,"2019,2020,2021,2022,2023,2024"
nsaid,Qmiiz Odt,Meloxicam,"2019,2020,2021"
nsaid,Relafen,Nabumetone,2021
nsaid,Relafen Ds,Nabumetone,"2020,2021,2022,2023,2024"
nsaid,Salsalate,Salsalate,"2019,2020,2021,2022,2023,2024"
nsaid,Seglentis,Tramadol Hcl/Celecoxib,"2022,2023,2024"
nsaid,Sprix,Ketorolac Tromethamine,"2019,2020,2021,2022,2023,2024"
nsaid,Sulindac,Sulindac,"2019,2020,2021,2022,2023,2024"
nsaid,Sumatriptan Succ-Naproxen Sod,Sumatriptan Succ/Naproxen Sod,"2019,2020,2021,2022,2023,2024"
nsaid,Tivorbex,"Indomethacin, Submicronized","2019,2020"
nsaid,Tolectin 600,Tolmetin Sodium,2024
nsaid,Tolmetin Sodium,Tolmetin Sodium,"2019,2020,2024"
nsaid,Treximet,Sumatriptan Succ/Naproxen Sod,"2019,2020,2021,2022,2023,2024"
nsaid,Vimovo,Naproxen/Esomeprazole Mag,"2019,2020,2021,2022,2023,2024"
nsaid,Vivlodex,"Meloxicam, Submicronized","2019,2020,2021"
nsaid,Voltaren,Diclofenac Sodium,"2019,2020,2021,2022"
nsaid,Zipsor,Diclofenac Potassium,"2019,2020,2021,2022,2023,2024"
nsaid,Zorvolex,Diclofenac Submicronized,"2019,2020,2021,2022,2023"
steroid,Ala-Cort,Hydrocortisone,"2019,2020,2021,2022,2023,2024"
steroid,Ala-Scalp,Hydrocortisone,"2019,2020,2021,2022,2023,2024"
steroid,Analpram Hc,Hydrocortisone/Pramoxine,"2019,2020,2021,2022,2023,2024"
steroid,Anucort-Hc,Hydrocortisone Acetate,"2019,2020,2021"
steroid,Anusol-Hc,Hydrocortisone,"2019,2020,2021,2022,2023,2024"
steroid,Blephamide,Sulfacetamide/Prednisolone,"2019,2020,2021,2022"
steroid,Blephamide S.O.P.,Sulfacetamide/Prednisolone,"2019,2020,2021"
steroid,Cipro Hc,Ciprofloxacin/Hydrocortisone,"2019,2020,2021,2022,2023,2024"
steroid,Ciprofloxacin-Dexamethasone,Ciprofloxacin Hcl/Dexameth,"2020,2021,2022,2023,2024"
steroid,Colocort,Hydrocortisone,2019
steroid,Cortef,Hydrocortisone,"2019,2020,2021,2022,2023,2024"
steroid,Cortenema,Hydrocortisone,"2020,2021,2022,2023,2024"
steroid,Cortifoam,Hydrocortisone Acetate,"2019,2020,2021,2022,2023,2024"
steroid,Decadron,Dexamethasone,"2019,2020"
steroid,Depo-Medrol,Methylprednisolone Acetate,"2019,2020,2021,2022,2023,2024"
steroid,Dexabliss,Dexamethasone,2021
steroid,Dexamethasone,Dexamethasone,"2019,2020,2021,2022,2023,2024"
steroid,Dexamethasone Intensol,Dexamethasone,"2019,2020,2021,2022,2023,2024"
steroid,Dexamethasone Sodium Phosphate,Dexamethasone Sodium Phosp/Pf,"2019,2020,2021,2022,2023,2024"
steroid,Dexamethasone Sodium Phosphate,Dexamethasone Sodium Phosphate,"2019,2020,2021,2022,2023,2024"
steroid,Dexpak,Dexamethasone,"2019,2020"
steroid,Epifoam,Hydrocortisone/Pramoxine,"2021,2022,2023,2024"
steroid,Hemady,Dexamethasone,"2020,2021,2022,2023,2024"
steroid,Hidex,Dexamethasone,2020
steroid,Hydrocortisone,"Hydrocort/Min Oil/Petrolat,wht",2019
steroid,Hydrocortisone,Hydrocortisone,"2019,2020,2021,2022,2023,2024"
steroid,Hydrocortisone Acetate,Hydrocortisone Acetate,"2023,2024"
steroid,Hydrocortisone Butyrate,Hydrocortisone Butyrate,"2019,2020,2021,2022,2023,2024"
steroid,Hydrocortisone Butyrate,Hydrocortisone Butyrate/Emoll,"2019,2020,2021,2022,2023,2024"
steroid,Hydrocortisone Sod Succinate,Hydrocortisone Sod Succinate,2024
steroid,Hydrocortisone Valerate,Hydrocortisone Valerate,"2019,2020,2021,2022,2023,2024"
steroid,Hydrocortisone-Acetic Acid,Hydrocortisone/Acetic Acid,"2019,2020,2021,2022,2023,2024"
steroid,Hydrocortisone-Pramoxine,Hydrocortisone/Pramoxine,"2019,2020,2021,2022,2023,2024"
steroid,Lidocaine-Hydrocortisone,Hydrocortisone/Lidocaine/Aloe,"2019,2022"
steroid,Lidocaine-Hydrocortisone,Lidocaine/Hydrocortisone Ac,"2019,2020,2021,2022,2023,2024"
steroid,Locoid,Hydrocortisone Butyrate,"2019,2020,2021"
steroid,Locoid Lipocream,Hydrocortisone Butyrate/Emoll,"2019,2020,2021,2022"
steroid,Maxidex,Dexamethasone,"2019,2020,2021,2022,2023,2024"
steroid,Medrol,Methylprednisolone,"2019,2020,2021,2022,2023,2024"
steroid,Methylprednisolone,Methylprednisolone,"2019,2020,2021,2022,2023,2024"
steroid,Methylprednisolone Acetate,Methylprednisolone Acetate,"2019,2020,2021,2022,2023,2024"
steroid,Methylprednisolone Sodium Succ,Methylprednisolone Sod Succ,"2019,2020,2021,2022,2023,2024"
steroid,Micort-Hc,Hydrocortisone Acetate,2019
steroid,Millipred,Prednisolone,"2019,2020,2021,2022,2023,2024"
steroid,Omnipred,Prednisolone Acetate,"2019,2020"
steroid,Ozurdex,Dexamethasone,"2019,2020,2021,2022,2023,2024"
steroid,Pandel,Hydrocortisone Probutate,"2019,2020,2021,2022,2023,2024"
steroid,Pramosone,Hydrocortisone/Pramoxine,"2019,2020,2021,2022,2023,2024"
steroid,Pred Forte,Prednisolone Acetate,"2019,2020,2021,2022,2023,2024"
steroid,Pred Mild,Prednisolone Acetate,"2019,2020,2021,2022,2023,2024"
steroid,Pred-G,Gentamicin Sulf/Prednisolone,"2019,2020,2021,2022"
steroid,Prednisolone,Prednisolone,"2019,2020,2021,2022,2023,2024"
steroid,Prednisolone Acetate,Prednisolone Acetate,"2019,2020,2021,2022,2023,2024"
steroid,Prednisolone Sodium Phos Odt,Prednisolone Sodium Phosphate,"2019,2020,2021,2022,2023,2024"
steroid,Prednisolone Sodium Phosphate,Prednisolone Sodium Phosphate,"2019,2020,2021,2022,2023,2024"
steroid,Prednisone,Prednisone,"2019,2020,2021,2022,2023,2024"
steroid,Prednisone Intensol,Prednisone,"2019,2020,2021,2022,2023,2024"
steroid,Procto-Med Hc,Hydrocortisone,"2019,2020,2021,2022,2023,2024"
steroid,Procto-Pak,Hydrocortisone,"2019,2020,2021,2022,2023"
steroid,Proctocort,Hydrocortisone,"2019,2020,2021,2022,2023,2024"
steroid,Proctofoam-Hc,Hydrocortisone/Pramoxine,"2019,2020,2021,2022,2023,2024"
steroid,Proctosol-Hc,Hydrocortisone,"2019,2020,2021,2022,2023,2024"
steroid,Proctozone-Hc,Hydrocortisone,"2019,2020,2021,2022,2023,2024"
steroid,Rayos,Prednisone,"2019,2020,2021,2022,2023,2024"
steroid,Solu-Cortef,Hydrocortisone Sod Succinate,"2019,2020,2021,2022,2023,2024"
steroid,Solu-Cortef,Hydrocortisone Sodium Succ/Pf,"2019,2020,2021,2022,2023,2024"
steroid,Solu-Medrol,Methylprednisolone Sod Succ,"2019,2020,2021,2022,2023,2024"
steroid,Solu-Medrol,Methylprednisolone Sod Succ/Pf,"2019,2020,2021,2022,2023,2024"
steroid,Sulfacetamide-Prednisolone,Sulfacetamide/Prednisolone Sp,"2019,2020,2021,2022,2023,2024"
steroid,Taperdex,Dexamethasone,"2019,2020,2021"
steroid,Texacort,Hydrocortisone,"2019,2020,2021,2022,2023,2024"
steroid,Tobradex,Tobramycin/Dexamethasone,"2019,2020,2021,2022,2023,2024"
steroid,Tobradex St,Tobramycin/Dexamethasone,"2019,2020,2021,2022,2023,2024"
steroid,Tobramycin-Dexamethasone,Tobramycin/Dexamethasone,"2019,2020,2021,2022,2023,2024"
steroid,Xerese,Acyclovir/Hydrocortisone,"2019,2020,2021,2022,2023,2024"
