year,code,description
2019,20610,Aspiration and/or injection of large joint or joint capsule
2019,20611,Aspiration and/or injection of major joint or joint capsule with recording and reporting using ultrasound guidance
2019,J0702,"Injection, betamethasone acetate 3 mg and betamethasone sodium phosphate 3 mg"
2019,J1020,"Injection, methylprednisolone acetate, 20 mg"
2019,J1030,"Injection, methylprednisolone acetate, 40 mg"
2019,J1040,"Injection, methylprednisolone acetate, 80 mg"
2019,J1100,"Injection, dexamethasone sodium phosphate, 1 mg"
2019,J1720,"Injection, hydrocortisone sodium succinate, up to 100 mg"
2019,J2920,"Injection, methylprednisolone sodium succinate, up to 40 mg"
2019,J2930,"Injection, methylprednisolone sodium succinate, up to 125 mg"
2019,J3301,"Injection, triamcinolone acetonide, not otherwise specified, 10 mg"
2019,J3304,"Injection, triamcinolone acetonide, preservative-free, extended-release, microsphere formulation, 1 mg"
2019,J7318,"Hyaluronan or derivative, durolane, for intra-articular injection, 1 mg"
2019,J7320,"Hyaluronan or derivitive, genvisc 850, for intra-articular injection, 1 mg"
2019,J7321,"Hyaluronan or derivative, hyalgan, supartz or visco-3, for intra-articular injection, per dose"
2019,J7322,"Hyaluronan or derivative, hymovis, for intra-articular injection, 1 mg"
2019,J7323,"Hyaluronan or derivative, euflexxa, for intra-articular injection, per dose"
2019,J7324,"Hyaluronan or derivative, orthovisc, for intra-articular injection, per dose"
2019,J7325,"Hyaluronan or derivative, synvisc or synvisc-one, for intra-articular injection, 1 mg"
2019,J7326,"Hyaluronan or derivative, gel-one, for intra-articular injection, per dose"
2019,J7327,"Hyaluronan or derivative, monovisc, for intra-articular injection, per dose"
2019,J7328,"Hyaluronan or derivative, gelsyn-3, for intra-articular injection, 0.1 mg"
2019,J7329,"Hyaluronan or derivative, trivisc, for intra-articular injection, 1 mg"
2020,20610,Aspiration and/or injection of large joint or joint capsule
2020,20611,Aspiration and/or injection of major joint or joint capsule with recording and reporting using ultrasound guidance
2020,J0702,"Injection, betamethasone acetate 3 mg and betamethasone sodium phosphate 3 mg"
2020,J1020,"Injection, methylprednisolone acetate, 20 mg"
2020,J1030,"Injection, methylprednisolone acetate, 40 mg"
2020,J1040,"Injection, methylprednisolone acetate, 80 mg"
2020,J1100,"Injection, dexamethasone sodium phosphate, 1 mg"
2020,J1720,"Injection, hydrocortisone sodium succinate, up to 100 mg"
2020,J2920,"Injection, methylprednisolone sodium succinate, up to 40 mg"
2020,J2930,"Injection, methylprednisolone sodium succinate, up to 125 mg"
2020,J3301,"Injection, triamcinolone acetonide, not otherwise specified, 10 mg"
2020,J3304,"Injection, triamcinolone acetonide, preservative-free, extended-release, microsphere formulation, 1 mg"
2020,J7318,"Hyaluronan or derivative, durolane, for intra-articular injection, 1 mg"
2020,J7320,"Hyaluronan or derivitive, genvisc 850, for intra-articular injection, 1 mg"
2020,J7321,"Hyaluronan or derivative, hyalgan or supartz, for intra-articular injection, per dose"
2020,J7322,"Hyaluronan or derivative, hymovis, for intra-articular injection, 1 mg"
2020,J7323,"Hyaluronan or derivative, euflexxa, for intra-articular injection, per dose"
2020,J7324,"Hyaluronan or derivative, orthovisc, for intra-articular injection, per dose"
2020,J7325,"Hyaluronan or derivative, synvisc or synvisc-one, for intra-articular injection, 1 mg"
2020,J7326,"Hyaluronan or derivative, gel-one, for intra-articular injection, per dose"
2020,J7327,"Hyaluronan or derivative, monovisc, for intra-articular injection, per dose"
2020,J7328,"Hyaluronan or derivative, gelsyn-3, for intra-articular injection, 0.1 mg"
2020,J7329,"Hyaluronan or derivative, trivisc, for intra-articular injection, 1 mg"
2020,J7331,"Hyaluronan or derivative, synojoynt, for intra-articular injection, 1 mg"
2020,J7332,"Hyaluronan or derivative, triluron, for intra-articular injection, 1 mg"
2021,20610,Aspiration and/or injection of large joint or joint capsule
2021,20611,Aspiration and/or injection of major joint or joint capsule with recording and reporting using ultrasound guidance
2021,J0702,"Injection, betamethasone acetate 3 mg and betamethasone sodium phosphate 3 mg"
2021,J1020,"Injection, methylprednisolone acetate, 20 mg"
2021,J1030,"Injection, methylprednisolone acetate, 40 mg"
2021,J1040,"Injection, methylprednisolone acetate, 80 mg"
2021,J1100,"Injection, dexamethasone sodium phosphate, 1 mg"
2021,J1720,"Injection, hydrocortisone sodium succinate, up to 100 mg"
2021,J2920,"Injection, methylprednisolone sodium succinate, up to 40 mg"
2021,J2930,"Injection, methylprednisolone sodium succinate, up to 125 mg"
2021,J3301,"Injection, triamcinolone acetonide, not otherwise specified, 10 mg"
2021,J3304,"Injection, triamcinolone acetonide, preservative-free, extended-release, microsphere formulation, 1 mg"
2021,J7318,"Hyaluronan or derivative, durolane, for intra-articular injection, 1 mg"
2021,J7320,"Hyaluronan or derivitive, genvisc 850, for intra-articular injection, 1 mg"
2021,J7321,"Hyaluronan or derivative, hyalgan, supartz or visco-3, for intra-articular injection, per dose"
2021,J7322,"Hyaluronan or derivative, hymovis, for intra-articular injection, 1 mg"
2021,J7323,"Hyaluronan or derivative, euflexxa, for intra-articular injection, per dose"
2021,J7324,"Hyaluronan or derivative, orthovisc, for intra-articular injection, per dose"
2021,J7325,"Hyaluronan or derivative, synvisc or synvisc-one, for intra-articular injection, 1 mg"
2021,J7326,"Hyaluronan or derivative, gel-one, for intra-articular injection, per dose"
2021,J7327,"Hyaluronan or derivative, monovisc, for intra-articular injection, per dose"
2021,J7328,"Hyaluronan or derivative, gelsyn-3, for intra-articular injection, 0.1 mg"
2021,J7329,"Hyaluronan or derivative, trivisc, for intra-articular injection, 1 mg"
2021,J7331,"Hyaluronan or derivative, synojoynt, for intra-articular injection, 1 mg"
2021,J7332,"Hyaluronan or derivative, triluron, for intra-articular injection, 1 mg"
2022,20610,Aspiration and/or injection of fluid from large joint
2022,20611,Aspiration and/or injection of fluid large joint using ultrasound guidance
2022,J0702,"Injection, betamethasone acetate 3 mg and betamethasone sodium phosphate 3 mg"
2022,J1020,"Injection, methylprednisolone acetate, 20 mg"
2022,J1030,"Injection, methylprednisolone acetate, 40 mg"
2022,J1040,"Injection, methylprednisolone acetate, 80 mg"
2022,J1100,"Injection, dexamethasone sodium phosphate, 1 mg"
2022,J1720,"Injection, hydrocortisone sodium succinate, up to 100 mg"
2022,J2920,"Injection, methylprednisolone sodium succinate, up to 40 mg"
2022,J2930,"Injection, methylprednisolone sodium succinate, up to 125 mg"
2022,J3301,"Injection, triamcinolone acetonide, not otherwise specified, 10 mg"
2022,J3304,"Injection, triamcinolone acetonide, preservative-free, extended-release, microsphere formulation, 1 mg"
2022,J7318,"Hyaluronan or derivative, durolane, for intra-articular injection, 1 mg"
2022,J7320,"Hyaluronan or derivitive, genvisc 850, for intra-articular injection, 1 mg"
2022,J7321,"Hyaluronan or derivative, hyalgan, supartz or visco-3, for intra-articular injection, per dose"
2022,J7322,"Hyaluronan or derivative, hymovis, for intra-articular injection, 1 mg"
2022,J7323,"Hyaluronan or derivative, euflexxa, for intra-articular injection, per dose"
2022,J7324,"Hyaluronan or derivative, orthovisc, for intra-articular injection, per dose"
2022,J7325,"Hyaluronan or derivative, synvisc or synvisc-one, for intra-articular injection, 1 mg"
2022,J7326,"Hyaluronan or derivative, gel-one, for intra-articular injection, per dose"
2022,J7327,"Hyaluronan or derivative, monovisc, for intra-articular injection, per dose"
2022,J7328,"Hyaluronan or derivative, gelsyn-3, for intra-articular injection, 0.1 mg"
2022,J7329,"Hyaluronan or derivative, trivisc, for intra-articular injection, 1 mg"
2022,J7331,"Hyaluronan or derivative, synojoynt, for intra-articular injection, 1 mg"
2022,J7332,"Hyaluronan or derivative, triluron, for intra-articular injection, 1 mg"
2023,20610,Aspiration and/or injection of fluid from large joint
2023,20611,Aspiration and/or injection of fluid large joint using ultrasound guidance
2023,J0702,"Injection, betamethasone acetate 3 mg and betamethasone sodium phosphate 3 mg"
2023,J1020,"Injection, methylprednisolone acetate, 20 mg"
2023,J1030,"Injection, methylprednisolone acetate, 40 mg"
2023,J1040,"Injection, methylprednisolone acetate, 80 mg"
2023,J1100,"Injection, dexamethasone sodium phosphate, 1 mg"
2023,J1720,"Injection, hydrocortisone sodium succinate, up to 100 mg"
2023,J2920,"Injection, methylprednisolone sodium succinate, up to 40 mg"
2023,J2930,"Injection, methylprednisolone sodium succinate, up to 125 mg"
2023,J3301,"Injection, triamcinolone acetonide, not otherwise specified, 10 mg"
2023,J3304,"Injection, triamcinolone acetonide, preservative-free, extended-release, microsphere formulation, 1 mg"
2023,J7318,"Hyaluronan or derivative, durolane, for intra-articular injection, 1 mg"
2023,J7320,"Hyaluronan or derivitive, genvisc 850, for intra-articular injection, 1 mg"
2023,J7321,"Hyaluronan or derivative, hyalgan, supartz or visco-3, for intra-articular injection, per dose"
2023,J7322,"Hyaluronan or derivative, hymovis, for intra-articular injection, 1 mg"
2023,J7323,"Hyaluronan or derivative, euflexxa, for intra-articular injection, per dose"
2023,J7324,"Hyaluronan or derivative, orthovisc, for intra-articular injection, per dose"
2023,J7325,"Hyaluronan or derivative, synvisc or synvisc-one, for intra-articular injection, 1 mg"
2023,J7326,"Hyaluronan or derivative, gel-one, for intra-articular injection, per dose"
2023,J7327,"Hyaluronan or derivative, monovisc, for intra-articular injection, per dose"
2023,J7328,"Hyaluronan or derivative, gelsyn-3, for intra-articular injection, 0.1 mg"
2023,J7329,"Hyaluronan or derivative, trivisc, for intra-articular injection, 1 mg"
2023,J7331,"Hyaluronan or derivative, synojoynt, for intra-articular injection, 1 mg"
2023,J7332,"Hyaluronan or derivative, triluron, for intra-articular injection, 1 mg"
2024,20610,Aspiration and/or injection of fluid from large joint
2024,20611,Aspiration and/or injection of fluid large joint using ultrasound guidance
2024,J0702,"Injection, betamethasone acetate 3 mg and betamethasone sodium phosphate 3 mg"
2024,J1010,"Injection, methylprednisolone acetate, 1 mg"
2024,J1020,"Injection, methylprednisolone acetate, 20 mg"
2024,J1030,"Injection, methylprednisolone acetate, 40 mg"
2024,J1040,"Injection, methylprednisolone acetate, 80 mg"
2024,J1100,"Injection, dexamethasone sodium phosphate, 1 mg"
2024,J1720,"Injection, hydrocortisone sodium succinate, up to 100 mg"
2024,J2919,"Injection, methylprednisolone sodium succinate, 5 mg"
2024,J2920,"Injection, methylprednisolone sodium succinate, up to 40 mg"
2024,J2930,"Injection, methylprednisolone sodium succinate, up to 125 mg"
2024,J3301,"Injection, triamcinolone acetonide, not otherwise specified, 10 mg"
2024,J3304,"Injection, triamcinolone acetonide, preservative-free, extended-release, microsphere formulation, 1 mg"
2024,J7318,"Hyaluronan or derivative, durolane, for intra-articular injection, 1 mg"
2024,J7320,"Hyaluronan or derivitive, genvisc 850, for intra-articular injection, 1 mg"
2024,J7321,"Hyaluronan or derivative, hyalgan, supartz or visco-3, for intra-articular injection, per dose"
2024,J7322,"Hyaluronan or derivative, hymovis, for intra-articular injection, 1 mg"
2024,J7323,"Hyaluronan or derivative, euflexxa, for intra-articular injection, per dose"
2024,J7324,"Hyaluronan or derivative, orthovisc, for intra-articular injection, per dose"
2024,J7325,"Hyaluronan or derivative, synvisc or synvisc-one, for intra-articular injection, 1 mg"
2024,J7326,"Hyaluronan or derivative, gel-one, for intra-articular injection, per dose"
2024,J7327,"Hyaluronan or derivative, monovisc, for intra-articular injection, per dose"
2024,J7328,"Hyaluronan or derivative, gelsyn-3, for intra-articular injection, 0.1 mg"
2024,J7329,"Hyaluronan or derivative, trivisc, for intra-articular injection, 1 mg"
2024,J7331,"Hyaluronan or derivative, synojoynt, for intra-articular injection, 1 mg"
2024,J7332,"Hyaluronan or derivative, triluron, for intra-articular injection, 1 mg"
