year,prescriber_type,n_rows
2024,,17
2024,Acupuncturist,209
2024,Addiction Medicine,5885
2024,Adult Congenital Heart Disease,567
2024,Advanced Heart Failure and Transplant Cardiology,24251
2024,Advanced Practice Dental Therapist,8
2024,Allergy/ Immunology,58147
2024,Ambulatory Surgical Center,28
2024,Anesthesiology,48409
2024,Anesthesiology Assistant,4
2024,Behavior Analyst,186
2024,Cardiac Surgery,3175
2024,Cardiology,723154
2024,Case Manager/Care Coordinator,26
2024,Certified Clinical Nurse Specialist,35287
2024,Certified Nurse Midwife,3862
2024,Certified Registered Nurse Anesthetist (CRNA),1001
2024,Chiropractic,267
2024,Chore Provider,1
2024,Clinic or Group Practice,375
2024,Clinic/Center,1262
2024,Clinical Cardiac Electrophysiology,56418
2024,Clinical Medical Laboratory,3
2024,Clinical Pharmacology,27
2024,Colon & Rectal Surgery,161
2024,Colorectal Surgery (Proctology),7632
2024,Community Health Worker,85
2024,Community/Behavioral Health,126
2024,Contractor,131
2024,Counselor,55
2024,Critical Care (Intensivists),26226
2024,Dental Assistant,17
2024,Dental Hygienist,152
2024,Dental Laboratory Technician,2
2024,Dental Therapist,1
2024,Dentist,249837
2024,Denturist,18
2024,Dermatology,207580
2024,Diagnostic Radiology,3323
2024,Durable Medical Equipment & Medical Supplies,17
2024,Electrodiagnostic Medicine,2
2024,"Emergency Medical Technician, Basic",4
2024,Emergency Medicine,293809
2024,Endocrinology,281825
2024,Epileptologists,269
2024,Exclusive Provider Organization,3
2024,Eyewear Supplier,1
2024,Family Medicine,12765
2024,Family Practice,6854699
2024,Gastroenterology,215081
2024,General Acute Care Hospital,166
2024,General Practice,415555
2024,General Surgery,62704
2024,Geriatric Medicine,137514
2024,Geriatric Psychiatry,4329
2024,Gynecological Oncology,5354
2024,Hand Surgery,5518
2024,Health Maintenance Organization,115
2024,Hematology,11020
2024,Hematology-Oncology,201320
2024,Hematopoietic Cell Transplantation and Cellular Therapy,1596
2024,Home Health,1
2024,Home Health Aide,2
2024,Homemaker,11
2024,Homeopath,18
2024,Hospice and Palliative Care,22840
2024,Hospital,144
2024,Hospitalist,184330
2024,Independent Medical Examiner,20
2024,Infectious Disease,98502
2024,Integrative Medicine,132
2024,Intensive Cardiac Rehabilitation,4
2024,Internal Medicine,5597049
2024,Interventional Cardiology,160692
2024,Interventional Pain Management,31617
2024,Interventional Radiology,2011
2024,Legal Medicine,1144
2024,Licensed Clinical Social Worker,141
2024,Licensed Practical Nurse,402
2024,Licensed Professional Counselor,396
2024,Licensed Vocational Nurse,20
2024,Marriage and Family Therapist,46
2024,Mass Immunizer Roster Biller,8
2024,Massage Therapist,1
2024,Maxillofacial Surgery,4072
2024,Medical Genetics and Genomics,348
2024,"Medical Genetics, Ph.D. Medical Genetics",271
2024,Medical Oncology,62980
2024,Medical Toxicology,17
2024,Micrographic Dermatologic Surgery,2937
2024,Midwife,162
2024,"Midwife, Lay",2
2024,Military Health Care Provider,79
2024,Naprapath,10
2024,Naturopath,4366
2024,Nephrology,265309
2024,Neurological Surgery,720
2024,Neurology,390016
2024,"Neuromusculoskeletal Medicine, Sports Medicine",288
2024,Neuropsychiatry,19879
2024,Neurosurgery,13464
2024,Nuclear Medicine,1923
2024,Nurse Practitioner,6309516
2024,Nutritionist,2
2024,Obstetrics & Gynecology,127830
2024,Occupational Therapist in Private Practice,5
2024,Occupational Therapy Assistant,3
2024,Ophthalmology,267929
2024,Opioid Treatment Program,43
2024,Optometry,159423
2024,Oral & Maxillofacial Surgery,3104
2024,Oral Medicine,4
2024,Oral Medicinist,53
2024,Oral Surgery (Dentist only),28416
2024,Oral and Maxillofacial Pathology,22
2024,Orofacial Pain,18
2024,Orthopaedic Surgery,3264
2024,Orthopedic Surgery,119399
2024,Osteopathic Manipulative Medicine,18707
2024,Other Clinic/Center,100
2024,Otolaryngology,96576
2024,Pain Management,50819
2024,Pathology,1328
2024,Pediatric Medicine,45180
2024,Pediatrics,5
2024,Peer Specialist,12
2024,Periodontics,4
2024,Peripheral Vascular Disease,883
2024,Personal Emergency Response Attendant,448
2024,Pharmacist,88587
2024,Pharmacy,229
2024,Pharmacy Technician,11
2024,Phlebology,1
2024,Physical Medicine & Rehabilitation,119
2024,Physical Medicine and Rehabilitation,99924
2024,Physical Therapist in Private Practice,26
2024,Physical Therapy Assistant,1
2024,Physician Assistant,2238518
2024,Plastic Surgery,2049
2024,Plastic and Reconstructive Surgery,9038
2024,Podiatry,98269
2024,Preferred Provider Organization,12
2024,Prevention Professional,7
2024,Preventive Medicine,6992
2024,Program of All-Inclusive Care for the Elderly (PACE) Provider Organization,117
2024,Prosthodontics,3
2024,Psychiatry,515752
2024,Psychiatry & Neurology,120815
2024,Psychoanalyst,16
2024,Psychologist,142
2024,"Psychologist, Clinical",2436
2024,Public Health or Welfare Agency,4
2024,Pulmonary Disease,226886
2024,Radiation Oncology,13389
2024,Radiation Therapy Center,1
2024,Radiology,12
2024,Registered Dietitian or Nutrition Professional,18
2024,Registered Nurse,7798
2024,Rehabilitation Practitioner,33
2024,Religious Nonmedical Nursing Personnel,4
2024,Respite Care,3
2024,Rheumatology,159279
2024,Skilled Nursing Facility,7
2024,Sleep Medicine,8548
2024,Social Worker,10
2024,Specialist,9497
2024,Specialist/Technologist,38
2024,"Specialist/Technologist, Other",14
2024,Speech Language Pathologist,5
2024,Sports Medicine,11957
2024,Student in an Organized Health Care Education/Training Program,145703
2024,Substance Abuse Rehabilitation Facility,6
2024,Surgery,573
2024,Surgical Oncology,1794
2024,Technician,5
2024,"Technician, Health Information",2
2024,Thoracic Surgery,3464
2024,Thoracic Surgery (Cardiothoracic Vascular Surgery),198
2024,Undefined Physician type,2177
2024,Undersea and Hyperbaric Medicine,558
2024,Unknown Supplier/Provider Specialty,57
2024,Urology,173969
2024,Vascular Surgery,13771
