company,file,form,filed,period_end,size_kb,n_zilretta_mentions,n_viscosupplement_mentions
Anika Therapeutics,2019-02-27_10-K_0001171843-19-001243_f10k_022619p.htm,10-K,2019-02-27,"December 31, 2018",915,0,96
Anika Therapeutics,2019-05-06_10-Q_0001171843-19-002946_f10q_050319p.htm,10-Q,2019-05-06,"March 31, 2019",380,0,13
Anika Therapeutics,2019-07-26_10-Q_0001171843-19-004913_f10q_072619p.htm,10-Q,2019-07-26,"June 30, 2019",446,0,13
Anika Therapeutics,2019-10-28_10-Q_0001171843-19-006886_f10q_102819p.htm,10-Q,2019-10-28,"September 30, 2019",563,0,14
Anika Therapeutics,2020-03-06_10-K_0001171843-20-001536_f10k_030420p.htm,10-K,2020-03-06,"December 31, 2019",963,0,50
Anika Therapeutics,2020-05-22_10-Q_0001171843-20-003962_f10q_052120p.htm,10-Q,2020-05-22,"March 31, 2020",581,0,5
Anika Therapeutics,2020-08-07_10-Q_0001171843-20-005715_anik20200630_10q.htm,10-Q,2020-08-07,,1543,0,4
Anika Therapeutics,2020-11-05_10-Q_0001171843-20-007600_anik20200930_10q.htm,10-Q,2020-11-05,"September 30, 2020",1633,0,4
Anika Therapeutics,2021-03-05_10-K_0001171843-21-001573_anik20201231_10k.htm,10-K,2021-03-05,,2278,0,27
Anika Therapeutics,2021-05-07_10-Q_0001171843-21-003272_anik20210331_10q.htm,10-Q,2021-05-07,"March 31, 2021",1013,0,6
Anika Therapeutics,2021-08-06_10-Q_0001171843-21-005594_anik20210630_10q.htm,10-Q,2021-08-06,"June 30, 2021",1241,0,6
Anika Therapeutics,2021-11-05_10-Q_0001171843-21-007580_anik20210930_10q.htm,10-Q,2021-11-05,"September 30, 2021",1375,0,6
Anika Therapeutics,2022-03-11_10-K_0001171843-22-001790_anik20211231_10k.htm,10-K,2022-03-11,"December 31, 2021",2158,0,30
Anika Therapeutics,2022-05-06_10-Q_0001171843-22-003350_anik20220331_10q.htm,10-Q,2022-05-06,"March 31, 2022",959,0,8
Anika Therapeutics,2022-08-04_10-Q_0001171843-22-005368_anik20220630_10q.htm,10-Q,2022-08-04,"June 30, 2022",1208,0,8
Anika Therapeutics,2022-11-09_10-Q_0001171843-22-007281_anik20220930_10q.htm,10-Q,2022-11-09,"September 30, 2022",1205,0,10
Anika Therapeutics,2023-03-16_10-K_0001171843-23-001729_anik20221231_10k.htm,10-K,2023-03-16,"December 31, 2022",2176,0,39
Anika Therapeutics,2023-05-09_10-Q_0001171843-23-003106_anik20230509_10q.htm,10-Q,2023-05-09,"March 31, 2023",893,0,4
Anika Therapeutics,2023-08-08_10-Q_0001171843-23-005114_anik20230630_10q.htm,10-Q,2023-08-08,"June 30, 2023",1171,0,4
Anika Therapeutics,2023-11-03_10-Q_0001171843-23-006687_anik20230930_10q.htm,10-Q,2023-11-03,"September 30, 2023",1258,0,4
Anika Therapeutics,2024-03-15_10-K_0001171843-24-001380_anik20231231_10k.htm,10-K,2024-03-15,"December 31, 2023",2046,0,39
Anika Therapeutics,2024-05-08_10-Q_0001171843-24-002682_anik20240331c_10q.htm,10-Q,2024-05-08,"March 31, 2024",944,0,4
Anika Therapeutics,2024-08-08_10-Q_0001171843-24-004615_anik20240630_10q.htm,10-Q,2024-08-08,"June 30, 2024",1219,0,4
Anika Therapeutics,2024-11-04_10-Q_0001171843-24-005993_anik20240930_10q.htm,10-Q,2024-11-04,"September 30, 2024",1348,0,4
Anika Therapeutics,2025-03-17_10-K_0001171843-25-001486_anik20241231_10k.htm,10-K,2025-03-17,"December 31, 2024",2109,0,49
Anika Therapeutics,2025-05-09_10-Q_0001171843-25-003019_anik20250331_10q.htm,10-Q,2025-05-09,"March 31, 2025",1060,0,4
Anika Therapeutics,2025-07-30_10-Q_0001171843-25-004826_anik20250630_10q.htm,10-Q,2025-07-30,"June 30, 2025",1420,0,5
Anika Therapeutics,2025-11-05_10-Q_0001171843-25-007032_anik20250930_10q.htm,10-Q,2025-11-05,"September 30, 2025",1494,0,28
Anika Therapeutics,2026-03-03_10-K_0001171843-26-001275_anik20251231_10k.htm,10-K,2026-03-03,"December 31, 2025",2197,0,59
Anika Therapeutics,2026-04-30_10-Q_0001171843-26-002852_anik20260331_10q.htm,10-Q,2026-04-30,"March 31, 2026",1003,0,6
Anika Therapeutics,2026-07-29_10-Q_0001171843-26-005012_anik20260630_10q.htm,10-Q,2026-07-29,"June 30, 2026",1374,0,6
Bioventus,2021-03-26_10-K_0001628280-21-005771_bioventusinc10-k.htm,10-K,2021-03-26,"December 31, 2020",2748,0,80
Bioventus,2021-05-13_10-Q_0001628280-21-010090_bvs-20210403.htm,10-Q,2021-05-13,"April 3, 2021",1254,0,0
Bioventus,2021-08-11_10-Q_0001628280-21-016502_bvs-20210703.htm,10-Q,2021-08-11,"July 3, 2021",1681,0,0
Bioventus,2021-11-10_10-Q_0001628280-21-022681_bvs-20211002.htm,10-Q,2021-11-10,"October 2, 2021",1850,0,0
Bioventus,2022-03-11_10-K_0001628280-22-005816_bvs-20211231.htm,10-K,2022-03-11,"December 31, 2021",3158,0,11
Bioventus,2022-05-11_10-Q_0001628280-22-013756_bvs-20220402.htm,10-Q,2022-05-11,"April 2, 2022",1372,0,0
Bioventus,2022-08-12_10-Q_0001628280-22-022592_bvs-20220702.htm,10-Q,2022-08-12,"July 2, 2022",1888,0,2
Bioventus,2022-11-21_10-Q_0001628280-22-030557_bvs-20221001.htm,10-Q,2022-11-21,"October 1, 2022",2133,0,2
Bioventus,2023-03-31_10-K_0001628280-23-010151_bvs-20221231.htm,10-K,2023-03-31,"December 31, 2022",2875,0,15
Bioventus,2023-05-16_10-Q_0001628280-23-018472_bvs-20230401.htm,10-Q,2023-05-16,"April 1, 2023",1707,0,1
Bioventus,2023-08-08_10-Q_0001628280-23-027981_bvs-20230701.htm,10-Q,2023-08-08,"July 1, 2023",1770,0,1
Bioventus,2023-11-07_10-Q_0001628280-23-037185_bvs-20230930.htm,10-Q,2023-11-07,"September 30, 2023",1812,0,1
Bioventus,2024-03-12_10-K_0001628280-24-010376_bvs-20231231.htm,10-K,2024-03-12,"December 31, 2023",2898,0,16
Bioventus,2024-05-07_10-Q_0001628280-24-020846_bvs-20240330.htm,10-Q,2024-05-07,"March 30, 2024",1014,0,1
Bioventus,2024-08-06_10-Q_0001628280-24-034979_bvs-20240629.htm,10-Q,2024-08-06,"June 29, 2024",1486,0,1
Bioventus,2024-11-05_10-Q_0001628280-24-045114_bvs-20240928.htm,10-Q,2024-11-05,"September 28, 2024",1513,0,3
Bioventus,2025-03-11_10-K_0001628280-25-011831_bvs-20241231.htm,10-K,2025-03-11,"December 31, 2024",2644,0,18
Bioventus,2025-05-06_10-Q_0001628280-25-022401_bvs-20250329.htm,10-Q,2025-05-06,"March 29, 2025",1039,0,1
Bioventus,2025-08-06_10-Q_0001665988-25-000017_bvs-20250628.htm,10-Q,2025-08-06,"June 28, 2025",1522,0,5
Bioventus,2025-11-04_10-Q_0001665988-25-000026_bvs-20250927.htm,10-Q,2025-11-04,"September 27, 2025",1588,0,2
Bioventus,2026-03-05_10-K_0001665988-26-000011_bvs-20251231.htm,10-K,2026-03-05,"December 31, 2025",2894,0,20
Bioventus,2026-05-06_10-Q_0001665988-26-000027_bvs-20260328.htm,10-Q,2026-05-06,"March 28, 2026",1018,0,1
Bioventus,2026-08-05_10-Q_0001665988-26-000042_bvs-20260627.htm,10-Q,2026-08-05,"June 27, 2026",1452,0,3
Flexion Therapeutics,2019-02-28_10-K_0001564590-19-005465_flxn-10k_20181231.htm,10-K,2019-02-28,"December 31, 2018",3260,435,1
Flexion Therapeutics,2019-05-08_10-Q_0001564590-19-017182_flxn-10q_20190331.htm,10-Q,2019-05-08,,1841,285,0
Flexion Therapeutics,2019-08-06_10-Q_0001564590-19-029323_flxn-10q_20190630.htm,10-Q,2019-08-06,,2643,290,0
Flexion Therapeutics,2019-11-07_10-Q_0001564590-19-041713_flxn-10q_20190930.htm,10-Q,2019-11-07,,2929,283,0
Flexion Therapeutics,2020-03-12_10-K_0001564590-20-010490_flxn-10k_20191231.htm,10-K,2020-03-12,"December 31, 2019",3834,426,1
Flexion Therapeutics,2020-05-07_10-Q_0001564590-20-022827_flxn-10q_20200331.htm,10-Q,2020-05-07,,2225,307,0
Flexion Therapeutics,2020-08-05_10-Q_0001564590-20-036837_flxn-10q_20200630.htm,10-Q,2020-08-05,,2896,315,0
Flexion Therapeutics,2020-11-04_10-Q_0001564590-20-050458_flxn-10q_20200930.htm,10-Q,2020-11-04,,3124,319,0
Flexion Therapeutics,2021-03-10_10-K_0001564590-21-012050_flxn-10k_20201231.htm,10-K,2021-03-10,"December 31, 2020",3503,318,0
Flexion Therapeutics,2021-05-12_10-Q_0001564590-21-026980_flxn-10q_20210331.htm,10-Q,2021-05-12,,1927,75,0
Flexion Therapeutics,2021-08-04_10-Q_0000950170-21-000785_flxn-20210630.htm,10-Q,2021-08-04,,2109,87,0
Flexion Therapeutics,2021-11-12_10-Q_0000950170-21-004377_flxn-20210930.htm,10-Q,2021-11-12,,2530,91,0
Pacira BioSciences,2021-11-03_10-Q_0001396814-21-000063_pcrx-20210930.htm,10-Q,2021-11-03,,1779,10,0
Pacira BioSciences,2022-02-28_10-K_0001396814-22-000021_pcrx-20211231.htm,10-K,2022-02-28,"December 31, 2021",3212,241,0
Pacira BioSciences,2022-05-04_10-Q_0001396814-22-000033_pcrx-20220331.htm,10-Q,2022-05-04,,1628,77,0
Pacira BioSciences,2022-08-03_10-Q_0001396814-22-000050_pcrx-20220630.htm,10-Q,2022-08-03,,2035,88,0
Pacira BioSciences,2022-11-03_10-Q_0001396814-22-000068_pcrx-20220930.htm,10-Q,2022-11-03,,2088,90,0
Pacira BioSciences,2023-02-28_10-K_0001396814-23-000010_pcrx-20221231.htm,10-K,2023-02-28,"December 31, 2022",3352,244,0
Pacira BioSciences,2023-05-03_10-Q_0001396814-23-000022_pcrx-20230331.htm,10-Q,2023-05-03,,1580,62,0
Pacira BioSciences,2023-08-02_10-Q_0001396814-23-000037_pcrx-20230630.htm,10-Q,2023-08-02,,1557,61,0
Pacira BioSciences,2023-11-02_10-Q_0001396814-23-000079_pcrx-20230930.htm,10-Q,2023-11-02,,1563,63,0
Pacira BioSciences,2024-02-29_10-K_0001396814-24-000030_pcrx-20231231.htm,10-K,2024-02-29,"December 31, 2023",2740,236,0
Pacira BioSciences,2024-05-07_10-Q_0001396814-24-000045_pcrx-20240331.htm,10-Q,2024-05-07,,1254,53,0
Pacira BioSciences,2024-07-30_10-Q_0001396814-24-000098_pcrx-20240630.htm,10-Q,2024-07-30,,1619,56,0
Pacira BioSciences,2024-11-06_10-Q_0001396814-24-000141_pcrx-20240930.htm,10-Q,2024-11-06,,1646,60,0
Pacira BioSciences,2025-02-27_10-K_0001396814-25-000041_pcrx-20241231.htm,10-K,2025-02-27,"December 31, 2024",2835,228,0
Pacira BioSciences,2025-05-08_10-Q_0001396814-25-000061_pcrx-20250331.htm,10-Q,2025-05-08,,1402,58,0
Pacira BioSciences,2025-08-05_10-Q_0001396814-25-000102_pcrx-20250630.htm,10-Q,2025-08-05,,1837,67,0
Pacira BioSciences,2025-11-06_10-Q_0001628280-25-050176_pcrx-20250930.htm,10-Q,2025-11-06,,1874,70,0
Pacira BioSciences,2026-02-26_10-K_0001628280-26-012297_pcrx-20251231.htm,10-K,2026-02-26,"December 31, 2025",2946,251,0
Pacira BioSciences,2026-04-30_10-Q_0001628280-26-028871_pcrx-20260331.htm,10-Q,2026-04-30,,1334,62,0
Pacira BioSciences,2026-08-04_10-Q_0001628280-26-052635_pcrx-20260630.htm,10-Q,2026-08-04,,1701,61,0
