left_name,exact_match,suggestion_1,suggestion_2,suggestion_3,decision
ADDICTION MEDICINE,True,Addiction Medicine,Pediatric Medicine,Geriatric Medicine,
ALLERGY,False,Allergy/ Immunology,Pathology,Ophthalmology,
ANESTHESIOLOGY,True,Anesthesiology,Pathology,Nephrology,
CARDIOLOGY,True,Cardiology,Urology,Pathology,
CLINICAL NEUROPHYSIOL.,False,Certified Clinical Nurse Specialist,Clinical Laboratory,,
CRITICAL CARE MEDICINE,False,Critical Care (Intensivists),Geriatric Medicine,Nuclear Medicine,
DERMATOLOGY,True,Dermatology,Hematology,Rheumatology,
EMERGENCY MEDICINE,True,Emergency Medicine,Sleep Medicine,Internal Medicine,
ENDOCRINOLOGY,True,Endocrinology,Cardiology,Neurology,
FAMILY PRACTICE,True,Family Practice,General Practice,Chiropractic,
GASTROENTEROLOGY,True,Gastroenterology,Neurology,Nephrology,
GEN PREVENTIVE MEDICINE,False,Preventive Medicine,Geriatric Medicine,Sports Medicine,
GENERAL PRACTICE,True,General Practice,Family Practice,General Surgery,
GENERAL SURGERY,True,General Surgery,Neurosurgery,Hand Surgery,
GERIATRICS,False,Geriatric Medicine,General Practice,Pediatric Medicine,
HEMATOLOGY,True,Hematology,Rheumatology,Dermatology,
HOSPICE & PALLIATIVE MED,False,Hospice and Palliative Care,Osteopathic Manipulative Medicine,Pediatric Medicine,
INFECTIOUS DISEASE,True,Infectious Disease,Pulmonary Disease,Addiction Medicine,
INTERNAL MED/PEDIATRICS,False,Internal Medicine,General Practice,,
INTERNAL MEDICINE,True,Internal Medicine,Geriatric Medicine,Emergency Medicine,
NATUROPATHIC DOCTOR,False,Neuropsychiatry,,,
NEPHROLOGY,True,Nephrology,Neurology,Pathology,
NEUROLOGICAL SURGERY,False,Neurosurgery,General Surgery,Maxillofacial Surgery,
NEUROLOGY,True,Neurology,Urology,Nephrology,
NUCLEAR MEDICINE,True,Nuclear Medicine,Sleep Medicine,Internal Medicine,
NURSE PRACTITIONER,True,Nurse Practitioner,General Practice,,
OBSTETRICS/GYNECOLOGY,False,Obstetrics & Gynecology,Surgical Oncology,Medical Oncology,
OCCUPATIONAL MEDICINE,False,Addiction Medicine,Internal Medicine,Pediatric Medicine,
ONCOLOGY,False,Neurology,Urology,Nephrology,
ORTHO SURG OF SPINE,False,Orthopedic Surgery,Thoracic Surgery,,
ORTHOPEDIC SURGERY,True,Orthopedic Surgery,Thoracic Surgery,Cardiac Surgery,
OSTEOPATHIC MEDICINE,False,Osteopathic Manipulative Medicine,Pediatric Medicine,Geriatric Medicine,
OTHER,False,Optometry,,,
OTHER SURGERY,False,Orthopedic Surgery,Thoracic Surgery,Neurosurgery,
PAIN MEDICINE,False,Addiction Medicine,Sleep Medicine,Internal Medicine,
PATHOLOGY,True,Pathology,Nephrology,Hematology,
PEDIATRIC CRITICAL CARE,False,Pediatric Medicine,Geriatric Medicine,Critical Care (Intensivists),
PEDIATRICS,False,Podiatry,Pediatric Medicine,Psychiatry,
PHYSICAL MEDICINE & REHAB,False,Physical Medicine and Rehabilitation,Internal Medicine,Sleep Medicine,
PHYSICIAN ASSISTANT,True,Physician Assistant,Undefined Physician type,Physical Medicine and Rehabilitation,
PLASTIC SURGERY,False,Cardiac Surgery,Vascular Surgery,Thoracic Surgery,
PSYCHIATRY,True,Psychiatry,Neuropsychiatry,Podiatry,
PULMONARY CRITICAL CARE,False,Pulmonary Disease,Ambulatory Surgical Center,Critical Care (Intensivists),
PULMONARY DISEASES,False,Pulmonary Disease,Infectious Disease,,
RADIOLOGY,False,Cardiology,Urology,Rheumatology,
RHEUMATOLOGY,True,Rheumatology,Hematology,Dermatology,
SLEEP MEDICINE,True,Sleep Medicine,Sports Medicine,Nuclear Medicine,
SPORTS MEDICINE,True,Sports Medicine,Sleep Medicine,Preventive Medicine,
THORACIC SURGERY,True,Thoracic Surgery,Orthopedic Surgery,Hand Surgery,
UROLOGY,True,Urology,Neurology,Nephrology,
