product_name,manufacturer,brand_generic_tag,treatment_category,earliest_orig,status
A-HYDROCORT,PFIZER,BRANDED GENERIC,generic_corticosteroid,1978-03-28,ok
A-METHAPRED,PFIZER,BRANDED GENERIC,generic_corticosteroid,1978-03-28,ok
ANJESO,BAUDAX BIO,BRANDED GENERIC,opioid_other,2020-02-20,ok
ARISTOCORT,ASTELLAS PHARMA US,BRAND,generic_corticosteroid,1957-12-03,ok
ARISTOSPAN,SANDOZ,BRAND,generic_corticosteroid,1969-07-29,ok
ARZE-JECT-A,INTEGRTD PHARM SOL,BRANDED GENERIC,generic_corticosteroid,,ok
BAYCADRON,WOCKHARDT AMERICA,BRANDED GENERIC,generic_corticosteroid,,ok
BETA 1,"OAKLOCK, LLC",BRANDED GENERIC,generic_corticosteroid,,ok
BETALOAN SUIK,MEDCHEM,BRANDED GENERIC,generic_corticosteroid,,ok
BETAMETHASONE COMBO,US COMPOUNDING,BRANDED GENERIC,generic_corticosteroid,,ok
BUTORPHANOL TART,PFIZER,BRAND,opioid_other,,ok
CELESTONE,ORGANON,BRAND,generic_corticosteroid,1961-04-17,ok
CELESTONE PHOS,MERCK & COMPANY,BRAND,generic_corticosteroid,,ok
CLONIDINE HCL,HIKMA PHARMACEUT,BRAND,opioid_other,,ok
CORTEF,PFIZER,BRAND,generic_corticosteroid,1952-12-15,ok
DARVOCET-N 100,XANODYNE PHARMA,BRAND,opioid_other,1972-12-19,ok
DARVOCET-N 50,XANODYNE PHARMA,BRAND,opioid_other,1972-12-19,ok
DARVON,XANODYNE PHARMA,BRAND,opioid_other,1957-08-16,ok
DARVON-N,XANODYNE PHARMA,BRAND,opioid_other,1971-09-09,ok
DECADRON,"PRAGMA PHARMA, LLC",BRAND,generic_corticosteroid,1958-10-30,ok
DEMEROL,PFIZER,BRAND,opioid_other,1942-11-10,ok
DEPO-MEDROL,PFIZER,BRAND,generic_corticosteroid,1959-05-27,ok
DEX COMBO,US COMPOUNDING,BRANDED GENERIC,generic_corticosteroid,,ok
DEXAMETHASONE,FRESENIUS KABI USA,BRAND,generic_corticosteroid,1973-05-03,ok
DEXAMETHASONE INTN,HIKMA PHARMACEUT,BRANDED GENERIC,generic_corticosteroid,,ok
DEXLIDO-M,MEDCHEM,BRANDED GENERIC,generic_corticosteroid,,ok
DILAUDID,RHODES PHARM,BRAND,opioid_other,1984-01-11,ok
DILAUDID SYRINGE,FRESENIUS KABI USA,BRANDED GENERIC,opioid_other,,ok
DOLOBID,INA PHARMACEUTICAL,BRANDED GENERIC,nsaid_otc,1982-04-19,ok
DOUBLEDEX,MEDCHEM,BRANDED GENERIC,generic_corticosteroid,,ok
DURACLON,VIATRIS,BRANDED GENERIC,opioid_other,1996-10-02,ok
DURAMORPH PF,HIKMA PHARMACEUT,BRANDED GENERIC,opioid_other,1984-09-18,ok
DYLOJECT,No Manufacturer,BRAND,opioid_other,2014-12-23,ok
DYURAL-80,MEDCHEM,BRANDED GENERIC,generic_corticosteroid,,ok
FENTANYL CIT,PFIZER,BRAND,opioid_other,,ok
HEXATRIONE,MEDEXUS INC,BRANDED GENERIC,generic_corticosteroid,,ok
HYDROCORTONE,No Manufacturer,BRAND,generic_corticosteroid,1951-12-21,ok
INFUMORPH,HIKMA PHARMACEUT,BRANDED GENERIC,opioid_other,1984-09-18,ok
KENALOG,BRISTOL-M SQ US PH,BRANDED GENERIC,generic_corticosteroid,1974-01-29,ok
KETOROLAC TROMETH,PFIZER,BRAND,opioid_other,,ok
LIDOLOG,MEDCHEM,BRANDED GENERIC,generic_corticosteroid,,ok
LOFENA,CARWIN ASSOCIATES,BRANDED GENERIC,opioid_other,,ok
MARBETA-L,MEDCHEM,BRANDED GENERIC,generic_corticosteroid,,ok
MEDROL,PFIZER,BRAND,generic_corticosteroid,1957-10-24,ok
MEDROLOAN SUIK,MEDCHEM,BRANDED GENERIC,generic_corticosteroid,,ok
MEPERIDINE HCL,HIKMA PHARMACEUT,BRAND,opioid_other,,ok
MULTI-SPECIALTY,MEDCHEM,BRANDED GENERIC,generic_corticosteroid,,ok
NALBUPHINE HCL,PFIZER,BRAND,opioid_other,,ok
OFIRMEV,MALLINCKRODT,BRANDED GENERIC,opioid_other,2010-11-02,ok
OXYCODONE HCL,AUROBINDO PHARM,BRANDED GENERIC,opioid_other,,ok
P-CARE K40,RX PHARMA PACK,BRANDED GENERIC,opioid_other,,ok
PHYS EZ USE JOINT,MEDCHEM,BRANDED GENERIC,generic_corticosteroid,,ok
POD-CARE 100C,RX PHARMA PACK,BRANDED GENERIC,opioid_other,,ok
POD-CARE 100K,RX PHARMA PACK,BRANDED GENERIC,opioid_other,,ok
PREDNISOLONE S PH,PHARMACEUT ASSOC,BRAND,generic_corticosteroid,,ok
PREDNISONE,HIKMA PHARMACEUT,BRAND,generic_corticosteroid,1971-12-23,ok
PRIALT,TERSERA THERAPEUT,BRAND,opioid_other,2004-12-28,ok
PRO-C-DURE 5,"OAKLOCK, LLC",BRANDED GENERIC,generic_corticosteroid,,ok
PRO-C-DURE 6,"OAKLOCK, LLC",BRANDED GENERIC,generic_corticosteroid,,ok
READYSHARP ANES+KETO,TERRAIN PHARMA,BRANDED GENERIC,opioid_other,,ok
READYSHARP BETAMET,TERRAIN PHARMA,BRANDED GENERIC,generic_corticosteroid,,ok
READYSHARP DEXAMET,TERRAIN PHARMA,BRANDED GENERIC,generic_corticosteroid,,ok
SARAPIN,HIGH CHEM CO,BRANDED GENERIC,generic_corticosteroid,,ok
SOLU-CORTEF,PFIZER,BRAND,generic_corticosteroid,1955-04-27,ok
SOLU-MEDROL,PFIZER,BRAND,generic_corticosteroid,1959-05-18,ok
TAC-3,PARNELL PHARM,BRANDED GENERIC,generic_corticosteroid,,ok
TORADOL,ROCHE,BRAND,opioid_other,1989-11-30,ok
ZILRETTA,PACIRA PHARM,BRANDED GENERIC,branded_injectable,2017-10-06,ok
ZIPSOR,ASSERTIO THERAPEU,BRANDED GENERIC,nsaid_otc,2009-06-16,ok
ZORVOLEX,ZYLA LIFE SCIENCES,BRAND,nsaid_otc,2013-10-18,ok
