source_id,dataset,stored_in,period_grain,period_covered,rule_type,lag_months,release_year_lag,release_month,fixed_month,basis,evidence,revision_note,leakage_note
iqvia_nmta,"IQVIA NMTA patient-visit extract (OA and RA visits, place of service)","fact_product_visits, fact_place_of_service_visits, gold_visit_share_monthly, gold_segment_adoption",month,201908-202507,lag_months,2,,,,assumed,"PROPOSAL.md 19.1 and the monthly workflow comment: NMTA extracts arrive about 40 days after month end, so month t is known around the 10th of month t+2 (taken as month t+2 in whole months). Not confirmed by IQVIA.","One extract only, so there is no earlier vintage to compare and revisions are unknown.","A forecast of month t uses data through t-1, which arrives after month t has ended, so the next-month forecast is for a month already over when the data is known."
asp_price,Medicare Part B payment limit (ASP) files,fact_ext_asp_price,quarter,2019Q3-2025Q4,lag_months,-2,,,,assumed,A file is named for the quarter it applies to and is posted before the quarter starts: the October 2026 file is stamped 091626 (16 September 2026). Taken as the first month of the quarter (the period end month minus two).,"Files we hold for 2019 and 2020 are later revisions (update stamps 052920, 112420, 022421, 052521 and 090121), so values may differ from first release.",A revised payment limit is not the value known at the time.
openpay,Open Payments general payments (program years 2019 to 2025),"fact_ext_openpay_month, fact_ext_openpay_nature",month,201901-202512,release_year_lag,,1,6,,assumed,"Each program year is published in June of the following year (assumed from the annual publication cycle). All 7 files we hold carry the stamp P06302026, the June 2026 refresh; the program year 2025 file is documented as published in June 2026.",Every year is the June 2026 refresh and includes corrections made after its first publication.,"Values for earlier years are corrected values, not what was public in the first June after the year."
partb_geo,Medicare Physician & Other Practitioners by Geography and Service,fact_ext_partb_geo,year,2019-2024,release_year_lag,,2,12,,assumed,"File names carry the release number, and release = data year + 2 for every file (R21 for 2019 data through R26 for 2024 data). Dated documents in the folders show 21 October 2021 and 8 April 2025 (Part B, 2019 and 2023 data) and 21 April 2026 (Part D, 2024 data). December of the release year is taken as the conservative month.",A later release can restate an earlier year (version tags V10 and V20 appear in the file names).,"Known about two years after the data year, so it can only be a lagged feature."
partb_provider,Medicare Physician & Other Practitioners by Provider and Service,fact_ext_partb_provider,year,2019-2024,release_year_lag,,2,12,,assumed,"2019 to 2023 are filtered API pulls of the same annual releases and 2024 is the full release file (PHY_R26). File names carry the release number, and release = data year + 2 for every file (R21 for 2019 data through R26 for 2024 data). Dated documents in the folders show 21 October 2021 and 8 April 2025 (Part B, 2019 and 2023 data) and 21 April 2026 (Part D, 2024 data). December of the release year is taken as the conservative month.",As for the geography file.,Prescriber-level and local only; known about two years after the data year.
partd_geo,Medicare Part D Prescribers by Geography and Drug,fact_ext_partd_geo,year,2019-2024,release_year_lag,,2,12,,assumed,"File names carry the release number, and release = data year + 2 for every file (RY21 for 2019 data through RY26 for 2024 data). Dated documents in the folders show 21 October 2021 and 8 April 2025 (Part B, 2019 and 2023 data) and 21 April 2026 (Part D, 2024 data). December of the release year is taken as the conservative month.",As for the Part B files.,Known about two years after the data year.
partd_provider,Medicare Part D Prescribers by Provider and Drug (optional),not loaded,year,2024,release_year_lag,,2,12,,assumed,"Profiled, not loaded. File names carry the release number, and release = data year + 2 for every file (RY26 for the 2024 data). Dated documents in the folders show 21 October 2021 and 8 April 2025 (Part B, 2019 and 2023 data) and 21 April 2026 (Part D, 2024 data). December of the release year is taken as the conservative month.",One year only.,Prescriber-level and local only.
geovar,Medicare Geographic Variation (2014 to 2024),fact_ext_geo_variation,year,2014-2024,release_year_lag,,2,4,,assumed,"The file we hold was posted in April 2026 (URL folder 2026-04), so the 2024 data was known 16 months after the year end. The same lag is applied to earlier years (no earlier vintages are held).",One vintage only.,Known about 16 months after the data year.
ma_geovar,Medicare Advantage Geographic Variation (2016 to 2023),not loaded (cross-check only),year,2016-2023,release_year_lag,,3,7,,assumed,"The file we hold (reference year 2026) was posted in July 2026 (URL folder 2026-07), three years after the 2023 data year.",One vintage only.,Used only to cross-check the Advantage counts.
places,"CDC PLACES county data (2025 release, arthritis prevalence)",fact_ext_arthritis_prevalence,year,"2023 data, 2025 release",release_year_lag,,2,12,,assumed,The file is the 2025 release and the loaded data year is 2023; the release month is not in the file and December is taken as the conservative month.,A single release: one value per county for every period.,"A static covariate, not a time series."
nppes,NPPES provider registry (September 2026 snapshot),fact_ext_provider_counts,snapshot,"snapshot, September 2026",snapshot_date,,,,202609,documented,The file name NPPES_Data_Dissemination_September_2026_V2 is a snapshot of the registry as of September 2026.,One snapshot only.,Describes the registry today; using it for earlier months leaks the future. Usable only as a current-day denominator.
sec_filings,SEC 10-K and 10-Q filings (company revenue),fact_ext_company_revenue,quarter,2019Q1-2026Q2,per_record_date,,,,,documented,Every SEC file name starts with its filing date (YYYY-MM-DD_form_accession_document) and each revenue row carries its source accession.,A later filing can restate a figure; the figures are those in the cited filing.,A fourth-quarter figure is derived (the year minus nine months) and known at the 10-K filing date.
events,"Event timeline (FDA, CMS and other dated documents)",dim_event,event,2017-2024,per_record_date,,,,,documented,Each event row has a date and a primary source document.,None.,"An event is known on its own date; a scheduled future event was known earlier, which this rule does not capture."
medicaid_sdud,Medicaid State Drug Utilization 2024 (optional),not loaded,year,2024,release_year_lag,,2,7,,assumed,"Profiled, not loaded. The file name sdud2024_updatedJuly2026 carries an update stamp (July 2026), not a first-release date.",An updated file.,One year only.
